Time,Device name设备名称,Acceleration X(g),Acceleration Y(g),Acceleration Z(g),Angular velocity X(°/s),Angular velocity Y(°/s),Angular velocity Z(°/s),Angle X(°),Angle Y(°),Angle Z(°),Magnetic field X(ʯt),Magnetic field Y(ʯt),Magnetic field Z(ʯt),Temperature(℃),Quaternions 0(),Quaternions 1(),Quaternions 2(),Quaternions 3()
 14:50:07.533,WT901BLE68(d8:09:5a:ca:b6:e0), 0.92, 0.898, 0.998, 0.366, -1.343, -1.526, 121.646, -9.932, -90.483, -55.762, 39.690, 45.178, 30.14, 0.70258, 0.07791, -0.41113, -0.57547,
 14:50:07.535,WT901BLE68(cc:c4:7a:a1:fe:ea), 0.979, -0.101, 0.146, 0, 0.977, 0.244, -35.09, -79.937, -142.844, -13.132, -37.828, 0.294, 31.38, -0.05573, 0.66525, -0.02762, 0.74396,
 14:50:07.537,WT901BLE68(d8:09:5a:ca:b6:e0), 0.918, 0.906, 0.995, 1.587, -0.305, -2.258, 121.855, -10.107, -90.703, -55.762, 39.690, 45.178, 30.14, 0.70258, 0.07791, -0.41113, -0.57547,
 14:50:07.544,WT901BLE68(d8:09:5a:ca:b6:e0), 0.922, 0.908, 0.995, 1.831, -0.061, -3.479, 122.151, -10.135, -90.945, -55.762, 39.690, 45.178, 30.14, 0.70258, 0.07791, -0.41113, -0.57547,
 14:50:07.548,WT901BLE68(d8:09:5a:ca:b6:e0), 0.922, 0.911, 0.999, -2.991, -0.61, -4.089, 122.371, -10.091, -91.214, -55.762, 39.690, 45.178, 30.14, 0.70258, 0.07791, -0.41113, -0.57547,
 14:50:07.556,WT901BLE68(d8:09:5a:ca:b6:e0), 0.921, 0.921, 0.997, 0.305, 0.366, -1.648, 122.382, -10.14, -91.456, -55.762, 39.690, 45.178, 30.14, 0.70258, 0.07791, -0.41113, -0.57547,
 14:50:07.567,WT901BLE68(d8:09:5a:ca:b6:e0), 0.924, 0.923, 0.995, 1.404, 0.427, -3.296, 122.574, -10.162, -91.626, -55.762, 39.690, 45.178, 30.14, 0.70258, 0.07791, -0.41113, -0.57547,
 14:50:07.652,WT901BLE68(cc:c4:7a:a1:fe:ea), 0.981, -0.1, 0.145, 0, 0.916, -1.221, -34.722, -79.882, -143.212, -12.446, -37.828, 0.000, 31.38, -0.04834, 0.65329, -0.02322, 0.75513,
 14:50:07.678,WT901BLE68(d8:09:5a:ca:b6:e0), 0.923, 0.938, 0.996, 0.244, 0.549, -2.625, 122.756, -10.118, -91.818, -55.762, 39.690, 45.178, 30.14, 0.70258, 0.07791, -0.41113, -0.57547,
 14:50:07.741,WT901BLE68(cc:c4:7a:a1:fe:ea), 0.976, -0.093, 0.147, -0.671, 1.465, -2.258, -33.497, -79.909, -144.487, -12.446, -37.828, 0.000, 31.38, -0.04834, 0.65329, -0.02322, 0.75513,
 14:50:07.798,WT901BLE68(d8:09:5a:ca:b6:e0), 0.923, 0.93, 0.996, -0.183, -0.183, -0.916, 122.8, -10.239, -91.868, -55.762, 39.690, 45.178, 30.14, 0.70258, 0.07791, -0.41113, -0.57547,
 14:50:07.863,WT901BLE68(cc:c4:7a:a1:fe:ea), 0.978, -0.093, 0.155, 0, 1.404, 2.441, -33.14, -79.761, -144.844, -12.446, -37.828, 0.000, 31.38, -0.04834, 0.65329, -0.02322, 0.75513,
 14:50:07.919,WT901BLE68(d8:09:5a:ca:b6:e0), 0.922, 0.933, 0.997, -0.488, 0.488, 0, 122.767, -10.382, -91.829, -55.762, 39.690, 45.178, 30.14, 0.70258, 0.07791, -0.41113, -0.57547,
 14:50:07.921,WT901BLE68(cc:c4:7a:a1:fe:ea), 0.975, -0.1, 0.15, -0.061, 0.366, 0.244, -33.75, -79.629, -144.207, -12.446, -37.828, 0.000, 31.38, -0.04834, 0.65329, -0.02322, 0.75513,
 14:50:07.949,WT901BLE68(d8:09:5a:ca:b6:e0), 0.92, 0.932, 0.999, -0.244, 0.061, 1.16, 122.701, -10.558, -91.73, -55.762, 39.690, 45.178, 30.14, 0.70258, 0.07791, -0.41113, -0.57547,
 14:50:08.043,WT901BLE68(cc:c4:7a:a1:fe:ea), 0.982, -0.096, 0.152, 0.549, 0, -0.061, -33.426, -79.645, -144.509, -12.446, -37.828, 0.000, 31.38, -0.04834, 0.65329, -0.02322, 0.75513,
 14:50:08.073,WT901BLE68(d8:09:5a:ca:b6:e0), 0.92, 0.927, 0.998, -0.61, -1.404, 1.953, 122.613, -10.871, -91.609, -55.762, 39.690, 45.178, 30.14, 0.70258, 0.07791, -0.41113, -0.57547,
 14:50:08.160,WT901BLE68(d8:09:5a:ca:b6:e0), 0.92, 0.926, 0.995, -0.305, -1.465, -0.427, 122.629, -11.146, -91.642, -55.762, 39.690, 45.178, 30.14, 0.70258, 0.07791, -0.41113, -0.57547,
 14:50:08.163,WT901BLE68(cc:c4:7a:a1:fe:ea), 0.98, -0.103, 0.148, 0, 0.244, -0.244, -33.431, -79.601, -144.421, -12.348, -37.926, 0.098, 31.38, -0.04834, 0.65329, -0.02322, 0.75513,
 14:50:08.253,WT901BLE68(cc:c4:7a:a1:fe:ea), 0.978, -0.094, 0.15, -0.244, 0.61, -1.648, -32.552, -79.656, -145.333, -12.348, -37.926, 0.098, 31.38, -0.04776, 0.65036, -0.02222, 0.75772,
 14:50:08.277,WT901BLE68(d8:09:5a:ca:b6:e0), 0.925, 0.927, 0.994, -0.793, 0.977, -1.953, 122.646, -11.212, -91.719, -55.762, 39.690, 45.178, 30.14, 0.70258, 0.07791, -0.41113, -0.57547,
 14:50:08.342,WT901BLE68(cc:c4:7a:a1:fe:ea), 0.979, -0.094, 0.155, -0.061, 0.977, 0.183, -32.042, -79.585, -145.871, -12.348, -37.926, 0.098, 31.38, -0.04776, 0.65036, -0.02222, 0.75772,
 14:50:08.370,WT901BLE68(d8:09:5a:ca:b6:e0), 0.923, 0.935, 0.998, -1.404, 1.709, -3.662, 122.602, -11.041, -91.813, -55.762, 39.690, 45.178, 30.14, 0.70258, 0.07791, -0.41113, -0.57547,
 14:50:08.463,WT901BLE68(cc:c4:7a:a1:fe:ea), 0.979, -0.097, 0.155, -0.305, 1.953, -0.549, -31.707, -79.475, -146.201, -12.348, -37.926, 0.098, 31.38, -0.04776, 0.65036, -0.02222, 0.75772,
 14:50:08.489,WT901BLE68(d8:09:5a:ca:b6:e0), 0.925, 0.939, 1.002, -1.16, 0.488, -3.357, 122.574, -10.871, -91.956, -55.762, 39.690, 45.178, 30.14, 0.70258, 0.07791, -0.41113, -0.57547,
 14:50:08.522,WT901BLE68(cc:c4:7a:a1:fe:ea), 0.981, -0.092, 0.159, -0.793, -0.854, -7.019, -29.839, -79.645, -148.184, -12.348, -37.926, 0.098, 31.38, -0.04776, 0.65036, -0.02222, 0.75772,
 14:50:08.578,WT901BLE68(d8:09:5a:ca:b6:e0), 0.923, 0.949, 0.999, -0.488, -3.906, -0.977, 122.69, -11.052, -92.291, -55.762, 39.690, 45.178, 30.14, 0.70258, 0.07791, -0.41113, -0.57547,
 14:50:08.642,WT901BLE68(cc:c4:7a:a1:fe:ea), 0.986, -0.07, 0.158, -1.953, 0.916, -12.146, -25.241, -80.085, -152.963, -12.348, -37.926, 0.098, 31.38, -0.04776, 0.65036, -0.02222, 0.75772,
 14:50:08.699,WT901BLE68(d8:09:5a:ca:b6:e0), 0.918, 0.944, 0.984, 0.793, -6.226, -1.953, 123.069, -11.508, -92.84, -55.762, 39.690, 45.178, 30.14, 0.70258, 0.07791, -0.41113, -0.57547,
 14:50:08.732,WT901BLE68(cc:c4:7a:a1:fe:ea), 1.043, -0.047, 0.158, -1.282, -1.77, -15.625, -18.182, -80.568, -160.285, -12.348, -37.926, 0.098, 31.38, -0.04776, 0.65036, -0.02222, 0.75772,
 14:50:08.761,WT901BLE68(d8:09:5a:ca:b6:e0), 0.923, 0.944, 0.974, 2.197, -4.7, -5.615, 123.657, -11.728, -93.571, -55.762, 39.690, 45.178, 30.14, 0.70258, 0.07791, -0.41113, -0.57547,
 14:50:08.852,WT901BLE68(cc:c4:7a:a1:fe:ea), 1.156, -0.044, 0.169, 36.438, -3.601, -27.466, -6.174, -81.151, -171.008, -9.898, -38.514, 0.000, 31.38, -0.04776, 0.65036, -0.02222, 0.75772,
 14:50:08.878,WT901BLE68(d8:09:5a:ca:b6:e0), 0.928, 0.963, 0.972, 3.296, -3.174, -7.629, 124.387, -11.552, -94.268, -55.762, 39.690, 45.178, 30.14, 0.70258, 0.07791, -0.41113, -0.57547,
 14:50:08.942,WT901BLE68(cc:c4:7a:a1:fe:ea), 0.81, -0.036, 0.002, -25.818, -21.362, -51.819, 19.583, -81.486, 164.905, -9.898, -38.514, 0.000, 31.38, -0.0192, 0.65262, 0.03928, 0.75635,
 14:50:08.968,WT901BLE68(d8:09:5a:ca:b6:e0), 0.917, 0.972, 0.964, 3.357, -3.601, -3.052, 125.03, -11.64, -94.889, -55.762, 39.690, 45.178, 30.14, 0.70258, 0.07791, -0.41113, -0.57547,
 14:50:09.062,WT901BLE68(cc:c4:7a:a1:fe:ea), 1.011, -0.538, 0.106, -63.049, -16.113, 26.611, 32.009, -81.985, 147.332, -9.898, -38.514, 0.000, 31.38, -0.0192, 0.65262, 0.03928, 0.75635,
 14:50:09.090,WT901BLE68(d8:09:5a:ca:b6:e0), 0.921, 0.958, 0.957, -3.906, 5.127, 1.465, 124.629, -11.613, -94.515, -56.938, 39.298, 45.276, 30.14, 0.70258, 0.07791, -0.41113, -0.57547,
 14:50:09.152,WT901BLE68(cc:c4:7a:a1:fe:ea), 1.129, -0.276, 0.081, -9.949, -19.226, 73.059, -31.459, -83.936, -152.595, -9.898, -38.514, 0.000, 31.38, -0.0192, 0.65262, 0.03928, 0.75635,
 14:50:09.208,WT901BLE68(d8:09:5a:ca:b6:e0), 0.922, 0.997, 1.006, -2.686, 9.949, -10.681, 123.75, -10.432, -93.966, -56.938, 39.298, 45.276, 30.14, 0.68201, 0.06693, -0.43149, -0.58658,
 14:50:09.271,WT901BLE68(cc:c4:7a:a1:fe:ea), 1.013, -0.014, 0.072, 17.578, -22.156, 97.595, -77.377, -77.245, -105.101, -9.898, -38.514, 0.000, 31.38, -0.0192, 0.65262, 0.03928, 0.75635,
 14:50:09.299,WT901BLE68(d8:09:5a:ca:b6:e0), 0.919, 1.013, 0.998, 4.578, -2.869, 0.061, 123.97, -9.877, -94.158, -56.938, 39.298, 45.276, 30.14, 0.68201, 0.06693, -0.43149, -0.58658,
 14:50:09.333,WT901BLE68(cc:c4:7a:a1:fe:ea), 0.915, 0.175, 0.027, -0.977, -11.841, 48.767, -84.611, -71.543, -96.592, -9.898, -38.514, 0.000, 31.38, -0.0192, 0.65262, 0.03928, 0.75635,
 14:50:09.357,WT901BLE68(d8:09:5a:ca:b6:e0), 0.911, 0.99, 0.978, 0.244, -12.39, -1.038, 124.568, -10.519, -94.741, -56.938, 39.298, 45.276, 30.14, 0.68201, 0.06693, -0.43149, -0.58658,
 14:50:09.453,WT901BLE68(cc:c4:7a:a1:fe:ea), 0.937, -0.066, 0.037, 12.634, -1.404, -6.592, -85.413, -70.768, -94.779, -22.050, -30.478, -0.784, 31.38, -0.0192, 0.65262, 0.03928, 0.75635,
 14:50:09.479,WT901BLE68(d8:09:5a:ca:b6:e0), 0.927, 1.008, 0.942, -0.977, -13.855, -3.418, 125.134, -11.376, -96.015, -56.938, 39.298, 45.276, 30.14, 0.68201, 0.06693, -0.43149, -0.58658,
 14:50:09.544,WT901BLE68(cc:c4:7a:a1:fe:ea), 0.949, -0.229, 0.013, 7.141, 0.549, -6.653, -84.853, -72.642, -94.422, -22.050, -30.478, -0.784, 31.38, -0.0192, 0.65262, 0.03928, 0.75635,
 14:50:09.570,WT901BLE68(d8:09:5a:ca:b6:e0), 0.932, 1.006, 0.939, -5.493, -19.47, -2.075, 125.826, -12.371, -97.482, -56.938, 39.298, 45.276, 30.14, 0.68201, 0.06693, -0.43149, -0.58658,
 14:50:09.662,WT901BLE68(cc:c4:7a:a1:fe:ea), 1.002, -0.202, 0.019, -4.333, -5.371, -14.709, -85.831, -74.059, -93.917, -22.050, -30.478, -0.784, 31.38, -0.0192, 0.65262, 0.03928, 0.75635,
 14:50:09.690,WT901BLE68(d8:09:5a:ca:b6:e0), 0.939, 1.014, 0.901, -9.399, -23.376, -2.563, 126.211, -13.645, -99.305, -52.234, 37.926, 46.060, 30.14, 0.68201, 0.06693, -0.43149, -0.58658,
 14:50:09.752,WT901BLE68(cc:c4:7a:a1:fe:ea), 1.076, -0.356, 0.023, 35.706, -7.019, -23.254, -85.029, -76.366, -92.906, -22.050, -30.478, -0.784, 31.38, -0.0192, 0.65262, 0.03928, 0.75635,
 14:50:09.780,WT901BLE68(d8:09:5a:ca:b6:e0), 1.047, 1.015, 0.857, -3.54, -28.503, 3.479, 126.953, -15.485, -101.283, -52.234, 37.926, 46.060, 30.14, 0.64459, 0.01465, -0.48102, -0.59396,
 14:50:09.871,WT901BLE68(cc:c4:7a:a1:fe:ea), 0.996, 0.001, 0, 8.545, 52.612, -101.379, -64.545, -81.898, -112.011, -22.050, -30.478, -0.784, 31.38, -0.0192, 0.65262, 0.03928, 0.75635,
 14:50:09.898,WT901BLE68(d8:09:5a:ca:b6:e0), 1.054, 1.056, 0.854, 2.502, -51.636, 18.555, 128.617, -18.479, -103.881, -52.234, 37.926, 46.060, 30.14, 0.64459, 0.01465, -0.48102, -0.59396,
 14:50:09.935,WT901BLE68(cc:c4:7a:a1:fe:ea), 0.961, -0.018, 0.069, -6.287, -15.625, -31.799, -29.103, -85.292, -148.118, -22.050, -30.478, -0.784, 31.38, -0.0192, 0.65262, 0.03928, 0.75635,
 14:50:09.991,WT901BLE68(d8:09:5a:ca:b6:e0), 1.206, 0.877, 0.792, 22.217, -96.008, 17.212, 133.412, -24.796, -108.869, -52.234, 37.926, 46.060, 30.14, 0.64459, 0.01465, -0.48102, -0.59396,
 14:50:10.051,WT901BLE68(cc:c4:7a:a1:fe:ea), 1.019, 0.01, 0.124, 4.761, -19.47, -11.292, -10.003, -87.303, -167.399, -12.250, -34.594, 0.098, 31.38, -0.0192, 0.65262, 0.03928, 0.75635,
 14:50:10.108,WT901BLE68(d8:09:5a:ca:b6:e0), 0.632, 1.097, 0.552, 6.042, -142.639, -8.301, 144.706, -30.641, -122.953, -52.234, 37.926, 46.060, 30.14, 0.64459, 0.01465, -0.48102, -0.59396,
 14:50:10.143,WT901BLE68(cc:c4:7a:a1:fe:ea), 0.962, 0.006, -0.054, 1.709, -18.921, -13.489, 79.838, -89.775, 103.48, -12.250, -34.594, 0.098, 31.38, -0.0192, 0.65262, 0.03928, 0.75635,
 14:50:10.168,WT901BLE68(d8:09:5a:ca:b6:e0), 0.644, 0.928, 1.221, 72.571, -25.696, -8.118, 159.857, -32.585, -136.285, -52.234, 37.926, 46.060, 30.14, 0.64459, 0.01465, -0.48102, -0.59396,
 14:50:10.262,WT901BLE68(cc:c4:7a:a1:fe:ea), 0.986, 0.07, 0.097, -17.7, 19.165, -29.785, 76.042, -86.913, 106.111, -12.250, -34.594, 0.098, 31.38, -0.0192, 0.65262, 0.03928, 0.75635,
 14:50:10.288,WT901BLE68(d8:09:5a:ca:b6:e0), 1.051, 1.018, 1.052, 25.024, 124.512, 10.071, 154.243, -31.421, -123.448, -37.044, 43.708, 41.552, 30.14, 0.64459, 0.01465, -0.48102, -0.59396,
 14:50:10.353,WT901BLE68(cc:c4:7a:a1:fe:ea), 0.993, 0.099, 0.009, -10.071, -0.793, -7.446, 74.009, -85.182, 106.611, -12.250, -34.594, 0.098, 31.38, -0.0192, 0.65262, 0.03928, 0.75635,
 14:50:10.379,WT901BLE68(d8:09:5a:ca:b6:e0), 1.244, 1.135, 0.681, -8.179, 187.012, -20.691, 135.176, -22.769, -99.915, -37.044, 43.708, 41.552, 30.14, 0.64459, 0.01465, -0.48102, -0.59396,
 14:50:10.473,WT901BLE68(cc:c4:7a:a1:fe:ea), 0.99, 0.098, 0.006, 3.601, -7.568, -7.019, 79.063, -85.007, 101.349, -12.250, -34.594, 0.098, 31.38, -0.0192, 0.65262, 0.03928, 0.75635,
 14:50:10.500,WT901BLE68(d8:09:5a:ca:b6:e0), 1.083, 0.895, 0.662, -5.371, 137.451, -45.41, 127.046, -9.102, -86.44, -37.044, 43.708, 41.552, 30.14, 0.68604, 0.0625, -0.50272, -0.52213,
 14:50:10.534,WT901BLE68(cc:c4:7a:a1:fe:ea), 0.98, 0.122, -0.021, -6.348, -0.61, -21.362, 86.127, -83.771, 94.098, -12.250, -34.594, 0.098, 31.38, -0.0192, 0.65262, 0.03928, 0.75635,
 14:50:10.589,WT901BLE68(d8:09:5a:ca:b6:e0), 1.019, 0.747, 0.559, 8.301, 103.516, -25.818, 123.975, 0.758, -80.502, -37.044, 43.708, 41.552, 30.14, 0.68604, 0.0625, -0.50272, -0.52213,
 14:50:10.682,WT901BLE68(cc:c4:7a:a1:fe:ea), 1.036, 0.155, 0.03, 11.169, -8.423, -25.574, 88.753, -81.442, 91.417, -6.272, -35.574, -0.196, 31.38, -0.0192, 0.65262, 0.03928, 0.75635,
 14:50:10.712,WT901BLE68(d8:09:5a:ca:b6:e0), 0.977, 0.782, 0.333, -31.677, 29.175, -17.7, 121.608, 4.73, -77.964, -37.044, 43.708, 41.552, 30.14, 0.68604, 0.0625, -0.50272, -0.52213,
 14:50:10.745,WT901BLE68(cc:c4:7a:a1:fe:ea), 1.095, 0.195, -0.04, 5.859, -8.362, -41.565, 95.702, -78.36, 85.534, -6.272, -35.574, -0.196, 31.38, 0.05817, 0.70859, 0.07074, 0.69958,
 14:50:10.770,WT901BLE68(d8:09:5a:ca:b6:e0), 0.931, 0.98, 1.307, -11.047, -58.167, 23.682, 121.602, 0.928, -80.376, -37.044, 43.708, 41.552, 30.14, 0.68604, 0.0625, -0.50272, -0.52213,
 14:50:10.861,WT901BLE68(cc:c4:7a:a1:fe:ea), 1.282, 0.188, -0.005, 10.071, -5.798, -56.946, 97.097, -74.147, 84.254, -6.272, -35.574, -0.196, 31.38, 0.05817, 0.70859, 0.07074, 0.69958,
 14:50:10.919,WT901BLE68(d8:09:5a:ca:b6:e0), 0.906, 0.939, 1.092, -11.23, -76.66, 2.808, 122.212, -6.592, -84.836, -52.234, 37.436, 43.708, 30.14, 0.68604, 0.0625, -0.50272, -0.52213,
 14:50:10.951,WT901BLE68(cc:c4:7a:a1:fe:ea), 1.467, 0.153, 0.05, -8.789, -15.015, -120.3, 96.372, -66.154, 85.798, -6.272, -35.574, -0.196, 31.38, 0.05817, 0.70859, 0.07074, 0.69958,
 14:50:10.980,WT901BLE68(d8:09:5a:ca:b6:e0), 0.943, 0.964, 0.965, -9.155, -53.894, 0.854, 123.772, -11.552, -90.247, -52.234, 37.436, 43.708, 30.14, 0.68604, 0.0625, -0.50272, -0.52213,
 14:50:11.072,WT901BLE68(cc:c4:7a:a1:fe:ea), 0.283, 0.328, -0.246, -1.343, 32.288, -221.313, 93.708, -49.548, 87.66, -6.272, -35.574, -0.196, 31.38, 0.05817, 0.70859, 0.07074, 0.69958,
 14:50:11.099,WT901BLE68(d8:09:5a:ca:b6:e0), 0.942, 0.993, 0.953, 5.859, -18.372, -5.615, 125.843, -13.348, -93.472, -52.234, 37.436, 43.708, 30.14, 0.68747, 0.06097, -0.45593, -0.56186,
 14:50:11.163,WT901BLE68(cc:c4:7a:a1:fe:ea), 0.653, -0.396, -0.017, -105.774, -7.385, 88.44, 86.748, -45.593, 87.77, -6.272, -35.574, -0.196, 31.38, 0.05817, 0.70859, 0.07074, 0.69958,
 14:50:11.189,WT901BLE68(d8:09:5a:ca:b6:e0), 0.907, 1.001, 0.967, 13.794, -8.484, 0.854, 126.81, -13.7, -94.12, -52.234, 37.436, 43.708, 30.14, 0.68747, 0.06097, -0.45593, -0.56186,
 14:50:11.282,WT901BLE68(cc:c4:7a:a1:fe:ea), 1.539, -0.091, 0.021, -3.418, -11.902, 233.643, 79.557, -64.215, 91.011, 19.992, -29.596, -2.548, 31.38, 0.05817, 0.70859, 0.07074, 0.69958,
 14:50:11.309,WT901BLE68(d8:09:5a:ca:b6:e0), 0.904, 0.975, 0.896, 18.127, -19.348, 3.784, 129.485, -15.073, -95.537, -52.234, 37.436, 43.708, 30.14, 0.68747, 0.06097, -0.45593, -0.56186,
 14:50:11.341,WT901BLE68(cc:c4:7a:a1:fe:ea), 1.335, 0.255, 0.127, -29.175, -23.438, 235.291, -20.099, -87.451, -171.475, 19.992, -29.596, -2.548, 31.38, 0.05817, 0.70859, 0.07074, 0.69958,
 14:50:11.398,WT901BLE68(d8:09:5a:ca:b6:e0), 0.905, 0.938, 0.863, 7.874, -18.311, 5.859, 131.287, -16.815, -96.932, -52.234, 37.436, 43.708, 30.14, 0.68747, 0.06097, -0.45593, -0.56186,
 14:50:11.462,WT901BLE68(cc:c4:7a:a1:fe:ea), 0.901, 0.598, 0.221, 47.485, -31.25, 161.682, -87.05, -71.472, -101.722, 19.992, -29.596, -2.548, 31.38, 0.05817, 0.70859, 0.07074, 0.69958,
 14:50:11.519,WT901BLE68(d8:09:5a:ca:b6:e0), 0.926, 0.936, 0.839, -3.113, -25.574, 9.521, 132.314, -18.484, -98.553, -41.944, 39.396, 43.708, 30.14, 0.68747, 0.06097, -0.45593, -0.56186,
 14:50:11.553,WT901BLE68(cc:c4:7a:a1:fe:ea), 0.97, 0.995, 0.022, 77.759, -0.122, 49.011, -82.337, -64.424, -97.976, 19.992, -29.596, -2.548, 31.38, 0.05817, 0.70859, 0.07074, 0.69958,
 14:50:11.579,WT901BLE68(d8:09:5a:ca:b6:e0), 1.012, 0.899, 0.804, -11.719, -31.067, 13.977, 132.479, -20.967, -100.19, -41.944, 39.396, 43.708, 30.14, 0.68747, 0.06097, -0.45593, -0.56186,
 14:50:11.673,WT901BLE68(cc:c4:7a:a1:fe:ea), 1.008, -0.52, 0.254, 41.199, 14.587, -92.834, -76.932, -70.142, -100.069, 19.992, -29.596, -2.548, 31.38, 0.05817, 0.70859, 0.07074, 0.69958,
 14:50:11.698,WT901BLE68(d8:09:5a:ca:b6:e0), 1.081, 0.891, 0.76, 0.977, -49.255, 19.165, 133.66, -24.219, -102.843, -41.944, 39.396, 43.708, 30.14, 0.65424, 0.00787, -0.5296, -0.53973,
 14:50:11.761,WT901BLE68(cc:c4:7a:a1:fe:ea), 1, 0.001, 0.146, -11.414, 0.854, -79.529, -52.295, -80.975, -124.376, 19.992, -29.596, -2.548, 31.38, 0.05817, 0.70859, 0.07074, 0.69958,
 14:50:11.789,WT901BLE68(d8:09:5a:ca:b6:e0), 1.207, 0.873, 0.779, -19.836, -85.938, 23.315, 136.939, -29.493, -108.715, -41.944, 39.396, 43.708, 30.14, 0.65424, 0.00787, -0.5296, -0.53973,
 14:50:11.883,WT901BLE68(cc:c4:7a:a1:fe:ea), 1.006, -0.002, 0.116, -3.052, -14.648, -46.631, -22.89, -84.523, -154.946, -10.094, -45.864, 0.000, 31.38, 0.05817, 0.70859, 0.07074, 0.69958,
 14:50:11.908,WT901BLE68(d8:09:5a:ca:b6:e0), 0.404, 0.908, 0.592, -11.78, -156.372, 41.321, 148.458, -37.249, -124.678, -41.944, 39.396, 43.708, 30.14, 0.65424, 0.00787, -0.5296, -0.53973,
 14:50:11.944,WT901BLE68(cc:c4:7a:a1:fe:ea), 0.957, 0.078, 0.058, -8.301, -13.184, -38.086, 32.305, -85.814, 149.106, -10.094, -45.864, 0.000, 31.38, 0.00183, 0.68378, 0.02039, 0.72931,
 14:50:11.998,WT901BLE68(d8:09:5a:ca:b6:e0), 0.37, 0.924, 0.653, 97.839, -106.201, -31.738, 174.573, -43.528, -153.55, -41.944, 39.396, 43.708, 30.14, 0.65424, 0.00787, -0.5296, -0.53973,
 14:50:12.092,WT901BLE68(cc:c4:7a:a1:fe:ea), 0.979, 0.136, 0.047, 6.592, -9.705, -22.156, 65.462, -84.194, 115.345, -10.094, -45.864, 0.000, 31.38, 0.00183, 0.68378, 0.02039, 0.72931,
 14:50:12.119,WT901BLE68(d8:09:5a:ca:b6:e0), 0.926, 0.955, 1.158, 9.949, 120.667, -54.138, 164.899, -38.848, -138.049, -23.618, 41.944, 42.434, 30.14, 0.65424, 0.00787, -0.5296, -0.53973,
 14:50:12.153,WT901BLE68(cc:c4:7a:a1:fe:ea), 0.984, 0.166, 0.017, 2.014, -5.31, -23.865, 78.904, -82.084, 102.338, -10.094, -45.864, 0.000, 31.38, 0.00183, 0.68378, 0.02039, 0.72931,
 14:50:12.198,WT901BLE68(d8:09:5a:ca:b6:e0), 1.355, 0.903, 0.705, 13.428, 215.271, -43.335, 140.878, -27.911, -108.622, -23.618, 41.944, 42.434, 30.14, 0.65424, 0.00787, -0.5296, -0.53973,
 14:50:12.273,WT901BLE68(cc:c4:7a:a1:fe:ea), 0.983, 0.187, 0.011, -6.042, 6.348, -14.099, 80.48, -80.442, 100.333, -10.094, -45.864, 0.000, 31.38, 0.00183, 0.68378, 0.02039, 0.72931,
 14:50:12.300,WT901BLE68(d8:09:5a:ca:b6:e0), 1.193, 0.8, 0.675, 11.169, 196.411, -53.711, 130.232, -11.124, -88.204, -23.618, 41.944, 42.434, 30.14, 0.67255, 0.0535, -0.52298, -0.52075,
 14:50:12.363,WT901BLE68(cc:c4:7a:a1:fe:ea), 0.98, 0.199, 0.059, 9.827, 8.606, -27.161, 78.536, -78.239, 102.448, -10.094, -45.864, 0.000, 31.38, 0.00183, 0.68378, 0.02039, 0.72931,
 14:50:12.396,WT901BLE68(d8:09:5a:ca:b6:e0), 0.805, 0.549, 0.302, 13.672, 120.422, -30.701, 125.81, 2.203, -79.596, -23.618, 41.944, 42.434, 30.14, 0.67255, 0.0535, -0.52298, -0.52075,
 14:50:12.483,WT901BLE68(cc:c4:7a:a1:fe:ea), 0.983, 0.267, 0.061, 9.766, 2.991, -28.564, 79.673, -75.35, 102.513, 3.234, -46.550, 0.490, 31.38, 0.00183, 0.68378, 0.02039, 0.72931,
 14:50:12.509,WT901BLE68(d8:09:5a:ca:b6:e0), 1.014, 0.724, 0.292, -53.162, 15.625, -11.353, 122.756, 7.795, -75.454, -23.618, 41.944, 42.434, 30.14, 0.67255, 0.0535, -0.52298, -0.52075,
 14:50:12.571,WT901BLE68(cc:c4:7a:a1:fe:ea), 1.069, 0.296, 0.086, 5.005, -2.075, -29.419, 81.65, -72.603, 101.107, 3.234, -46.550, 0.490, 31.38, 0.08618, 0.68097, 0.11929, 0.71729,
 14:50:12.598,WT901BLE68(d8:09:5a:ca:b6:e0), 0.907, 0.911, 1.115, -11.292, -79.163, 14.893, 121.256, 3.862, -78.893, -23.618, 41.944, 42.434, 30.14, 0.67255, 0.0535, -0.52298, -0.52075,
 14:50:12.718,WT901BLE68(d8:09:5a:ca:b6:e0), 0.92, 0.941, 1.109, -2.441, -60.12, 2.136, 122.624, -3.148, -83.622, -57.526, 40.474, 50.078, 30.14, 0.67255, 0.0535, -0.52298, -0.52075,
 14:50:12.722,WT901BLE68(cc:c4:7a:a1:fe:ea), 1.184, 0.292, 0.027, 10.986, 1.953, -51.88, 84.122, -69.077, 99.047, 3.234, -46.550, 0.490, 31.38, 0.08618, 0.68097, 0.11929, 0.71729,
 14:50:12.751,WT901BLE68(cc:c4:7a:a1:fe:ea), 1.278, 0.225, -0.006, -17.7, -20.203, -100.525, 86.962, -62.155, 95.587, 3.234, -46.550, 0.490, 31.38, 0.08618, 0.68097, 0.11929, 0.71729,
 14:50:12.810,WT901BLE68(d8:09:5a:ca:b6:e0), 0.955, 0.941, 0.969, -3.113, -45.166, -3.601, 123.975, -7.597, -88.253, -57.526, 40.474, 50.078, 30.14, 0.67255, 0.0535, -0.52298, -0.52075,
 14:50:12.872,WT901BLE68(cc:c4:7a:a1:fe:ea), 0.483, 0.545, -0.111, -1.404, 29.602, -189.026, 86.094, -47.23, 94.318, 3.234, -46.550, 0.490, 31.38, 0.08618, 0.68097, 0.11929, 0.71729,
 14:50:12.928,WT901BLE68(d8:09:5a:ca:b6:e0), 0.939, 1.009, 0.957, 9.705, -7.385, -18.799, 126.112, -8.569, -91.566, -57.526, 40.474, 50.078, 30.14, 0.69952, 0.09723, -0.42828, -0.5636,
 14:50:12.961,WT901BLE68(cc:c4:7a:a1:fe:ea), 0.453, -0.296, 0.086, -61.707, -0.488, 69.092, 83.057, -41.182, 92.417, 3.234, -46.550, 0.490, 31.38, 0.08618, 0.68097, 0.11929, 0.71729,
 14:50:12.989,WT901BLE68(d8:09:5a:ca:b6:e0), 0.918, 1.054, 0.965, -2.686, -3.479, -6.958, 126.442, -8.448, -92.802, -57.526, 40.474, 50.078, 30.14, 0.69952, 0.09723, -0.42828, -0.5636,
 14:50:13.083,WT901BLE68(cc:c4:7a:a1:fe:ea), 1.417, -0.177, 0.069, -8.911, -6.409, 212.585, 75.773, -56.618, 97.224, 20.776, -38.024, -1.862, 31.38, 0.08618, 0.68097, 0.11929, 0.71729,
 14:50:13.139,WT901BLE68(d8:09:5a:ca:b6:e0), 0.926, 1.027, 0.913, -3.418, -13.489, 0.366, 126.705, -9.289, -94.125, -57.526, 40.474, 50.078, 30.14, 0.69952, 0.09723, -0.42828, -0.5636,
 14:50:13.172,WT901BLE68(cc:c4:7a:a1:fe:ea), 1.474, 0.497, 0, 19.775, -19.775, 232.849, 58.733, -80.255, 117.23, 20.776, -38.024, -1.862, 31.38, 0.10944, 0.67004, 0.05286, 0.73224,
 14:50:13.198,WT901BLE68(d8:09:5a:ca:b6:e0), 0.906, 1.082, 0.92, 0.732, -7.874, -0.122, 126.898, -9.976, -95.191, -57.526, 40.474, 50.078, 30.14, 0.69952, 0.09723, -0.42828, -0.5636,
 14:50:13.293,WT901BLE68(cc:c4:7a:a1:fe:ea), 1.039, 0.455, -0.027, 14.954, -9.216, 205.322, -71.548, -77.613, -110.792, 20.776, -38.024, -1.862, 31.38, 0.10944, 0.67004, 0.05286, 0.73224,
 14:50:13.348,WT901BLE68(d8:09:5a:ca:b6:e0), 0.931, 0.932, 0.915, 9.216, -24.719, 11.536, 128.43, -12.145, -96.097, -49.882, 41.258, 51.156, 30.14, 0.69952, 0.09723, -0.42828, -0.5636,
 14:50:13.352,WT901BLE68(cc:c4:7a:a1:fe:ea), 1.358, 0.821, 0.012, 53.894, -1.648, 136.414, -80.359, -62.611, -96.592, 20.776, -38.024, -1.862, 31.38, 0.10944, 0.67004, 0.05286, 0.73224,
 14:50:13.411,WT901BLE68(d8:09:5a:ca:b6:e0), 0.924, 1.001, 0.865, -11.597, -30.884, 4.883, 129.018, -14.425, -98.152, -49.882, 41.258, 51.156, 30.14, 0.69952, 0.09723, -0.42828, -0.5636,
 14:50:13.501,WT901BLE68(cc:c4:7a:a1:fe:ea), 1.088, 0.106, 0.033, -2.38, -0.061, -50.537, -82.661, -64.583, -93.604, 20.776, -38.024, -1.862, 31.38, 0.10944, 0.67004, 0.05286, 0.73224,
 14:50:13.529,WT901BLE68(d8:09:5a:ca:b6:e0), 1.029, 0.995, 0.793, -3.296, -41.626, 7.385, 129.71, -17.04, -100.909, -49.882, 41.258, 51.156, 30.14, 0.65067, 0.02734, -0.49594, -0.57431,
 14:50:13.564,WT901BLE68(cc:c4:7a:a1:fe:ea), 1.048, -0.048, 0.201, 16.541, -9.155, -110.657, -73.828, -72.658, -102.887, 20.776, -38.024, -1.862, 31.38, 0.10944, 0.67004, 0.05286, 0.73224,
 14:50:13.589,WT901BLE68(d8:09:5a:ca:b6:e0), 1.076, 0.952, 0.761, 5.798, -62.012, 13.428, 132.836, -20.94, -105.425, -49.882, 41.258, 51.156, 30.14, 0.65067, 0.02734, -0.49594, -0.57431,
 14:50:13.682,WT901BLE68(cc:c4:7a:a1:fe:ea), 1.011, -0.036, 0.014, -6.958, -9.583, -50.171, -63.248, -81.672, -114.324, -18.424, -39.592, -0.294, 31.38, 0.10944, 0.67004, 0.05286, 0.73224,
 14:50:13.709,WT901BLE68(d8:09:5a:ca:b6:e0), 1.129, 0.99, 0.775, -6.226, -105.042, 33.203, 137.653, -27.208, -112.451, -49.882, 41.258, 51.156, 30.14, 0.65067, 0.02734, -0.49594, -0.57431,
 14:50:13.771,WT901BLE68(cc:c4:7a:a1:fe:ea), 1.006, -0.059, 0.049, -1.587, -10.254, -37.903, -47.631, -85.611, -130.342, -18.424, -39.592, -0.294, 31.38, 0.10944, 0.67004, 0.05286, 0.73224,
 14:50:13.798,WT901BLE68(d8:09:5a:ca:b6:e0), 0.625, 1.013, 0.34, -7.935, -161.011, 43.213, 150.337, -36.096, -129.007, -49.882, 41.258, 51.156, 30.14, 0.65067, 0.02734, -0.49594, -0.57431,
 14:50:13.892,WT901BLE68(cc:c4:7a:a1:fe:ea), 0.991, 0.012, 0.027, -2.93, -9.399, -28.076, 4.993, -87.979, 176.556, -18.424, -39.592, -0.294, 31.38, 0.10944, 0.67004, 0.05286, 0.73224,
 14:50:13.918,WT901BLE68(d8:09:5a:ca:b6:e0), 0.357, 0.948, 0.705, 45.349, -100.525, 4.761, 174.814, -40.397, -154.913, -49.882, 41.258, 51.156, 30.14, 0.65067, 0.02734, -0.49594, -0.57431,
 14:50:13.981,WT901BLE68(cc:c4:7a:a1:fe:ea), 0.993, 0.054, 0.013, -10.01, -4.456, -10.437, 57.986, -87.61, 122.607, -18.424, -39.592, -0.294, 31.38, 0.10944, 0.67004, 0.05286, 0.73224,
 14:50:14.012,WT901BLE68(d8:09:5a:ca:b6:e0), 0.796, 0.936, 1.093, 32.166, 89.417, -14.465, 173.046, -38.754, -146.898, -49.882, 41.258, 51.156, 30.14, 0.65067, 0.02734, -0.49594, -0.57431,
 14:50:14.101,WT901BLE68(cc:c4:7a:a1:fe:ea), 0.993, 0.057, 0.007, -1.221, -0.488, -4.089, 69.12, -87.248, 110.88, -18.424, -39.592, -0.294, 31.38, 0.10944, 0.67004, 0.05286, 0.73224,
 14:50:14.128,WT901BLE68(d8:09:5a:ca:b6:e0), 1.333, 0.859, 0.848, 29.297, 218.75, -41.26, 146.986, -31.273, -113.384, -49.882, 41.258, 51.156, 30.14, 0.65067, 0.02734, -0.49594, -0.57431,
 14:50:14.162,WT901BLE68(cc:c4:7a:a1:fe:ea), 0.973, 0.072, -0.013, -9.277, 3.723, -16.541, 74.317, -86.446, 105.227, -18.424, -39.592, -0.294, 31.38, 0.10944, 0.67004, 0.05286, 0.73224,
 14:50:14.221,WT901BLE68(d8:09:5a:ca:b6:e0), 1.456, 0.905, 0.667, -38.269, 229.553, -59.326, 129.545, -13.914, -89.44, -49.882, 41.258, 51.156, 30.14, 0.65067, 0.02734, -0.49594, -0.57431,
 14:50:14.284,WT901BLE68(cc:c4:7a:a1:fe:ea), 1.003, 0.098, 0.075, -2.502, 9.399, -24.658, 70.45, -84.15, 108.43, -6.468, -42.336, -1.372, 31.38, 0.10944, 0.67004, 0.05286, 0.73224,
 14:50:14.338,WT901BLE68(d8:09:5a:ca:b6:e0), 0.799, 0.54, 0.23, -0.977, 173.767, -34.18, 122.399, 2.422, -78.003, -49.882, 41.258, 51.156, 30.14, 0.65067, 0.02734, -0.49594, -0.57431,
 14:50:14.372,WT901BLE68(cc:c4:7a:a1:fe:ea), 1.055, 0.141, 0.045, 4.944, 6.836, -36.377, 72.988, -81.2, 105.864, -6.468, -42.336, -1.372, 31.38, 0.05994, 0.68936, 0.0462, 0.7204,
 14:50:14.401,WT901BLE68(d8:09:5a:ca:b6:e0), 0.94, 0.625, 0.097, -47.729, 2.625, -3.601, 119.196, 7.575, -74.987, -49.882, 41.258, 51.156, 30.14, 0.65067, 0.02734, -0.49594, -0.57431,
 14:50:14.492,WT901BLE68(cc:c4:7a:a1:fe:ea), 1.124, 0.183, 0.082, 22.888, 2.747, -47.424, 78.058, -76.91, 102.404, -6.468, -42.336, -1.372, 31.38, 0.05994, 0.68936, 0.0462, 0.7204,
 14:50:14.524,WT901BLE68(d8:09:5a:ca:b6:e0), 0.967, 0.763, 1.13, -19.226, -62.256, -9.46, 117.845, 2.725, -78.69, -62.524, 39.102, 44.198, 30.14, 0.65067, 0.02734, -0.49594, -0.57431,
 14:50:14.583,WT901BLE68(cc:c4:7a:a1:fe:ea), 1.256, 0.233, 0.047, 10.437, 11.047, -73.425, 80.859, -71.34, 101.019, -6.468, -42.336, -1.372, 31.38, 0.05994, 0.68936, 0.0462, 0.7204,
 14:50:14.608,WT901BLE68(d8:09:5a:ca:b6:e0), 0.911, 0.987, 1.025, -3.845, -52.673, 3.113, 121.196, -3.257, -84.474, -62.524, 39.102, 44.198, 30.14, 0.65067, 0.02734, -0.49594, -0.57431,
 14:50:14.702,WT901BLE68(cc:c4:7a:a1:fe:ea), 1.149, 0.15, -0.04, -14.832, -9.033, -130.615, 83.282, -62.166, 98.289, -6.468, -42.336, -1.372, 31.38, 0.05994, 0.68936, 0.0462, 0.7204,
 14:50:14.759,WT901BLE68(d8:09:5a:ca:b6:e0), 0.954, 0.993, 1.063, -8.057, -50.049, 6.226, 122.025, -7.493, -87.808, -62.524, 39.102, 44.198, 30.14, 0.71762, 0.10648, -0.39612, -0.56271,
 14:50:14.763,WT901BLE68(cc:c4:7a:a1:fe:ea), 0.723, 0.193, -0.008, -27.222, 28.564, -215.942, 82.941, -44.714, 95.087, -6.468, -42.336, -1.372, 31.38, 0.05994, 0.68936, 0.0462, 0.7204,
 14:50:14.820,WT901BLE68(d8:09:5a:ca:b6:e0), 0.923, 0.966, 0.904, -4.944, -37.109, -11.23, 123.871, -10.756, -92.45, -62.524, 39.102, 44.198, 30.14, 0.71762, 0.10648, -0.39612, -0.56271,
 14:50:14.886,WT901BLE68(cc:c4:7a:a1:fe:ea), 0.619, -0.382, -0.081, 12.695, 9.521, 137.146, 81.843, -40.364, 92.736, 27.538, -29.694, -0.686, 31.38, 0.05994, 0.68936, 0.0462, 0.7204,
 14:50:14.940,WT901BLE68(d8:09:5a:ca:b6:e0), 0.896, 0.999, 0.91, 9.583, -27.161, 3.967, 125.766, -12.448, -95.224, -62.524, 39.102, 44.198, 30.14, 0.71762, 0.10648, -0.39612, -0.56271,
 14:50:14.998,WT901BLE68(d8:09:5a:ca:b6:e0), 0.896, 0.972, 0.835, 11.597, -21.606, 7.385, 127.996, -14.716, -97.125, -62.524, 39.102, 44.198, 30.14, 0.71762, 0.10648, -0.39612, -0.56271,
 14:50:15.002,WT901BLE68(cc:c4:7a:a1:fe:ea), 11.422, 0.039, 0.161, -3.113, 4.578, 229.858, 78.25, -61.078, 97.267, 27.538, -29.694, -0.686, 31.38, 0.20084, 0.655, 0.14737, 0.71332,
 14:50:15.119,WT901BLE68(d8:09:5a:ca:b6:e0), 0.894, 0.969, 0.802, 1.343, -19.836, 9.583, 129.353, -16.479, -98.218, -62.524, 39.102, 44.198, 30.14, 0.71762, 0.10648, -0.39612, -0.56271,
 14:50:15.122,WT901BLE68(cc:c4:7a:a1:fe:ea), 1.367, 1.901, 1.143, -4.272, -18.86, 238.892, 35.008, -84.776, 139.417, 27.538, -29.694, -0.686, 31.38, 0.20084, 0.655, 0.14737, 0.71332,
 14:50:15.212,WT901BLE68(cc:c4:7a:a1:fe:ea), 0.971, 0.769, 0.115, 26.672, -4.578, 191.467, -73.18, -73.482, -108.743, 27.538, -29.694, -0.686, 31.38, 0.20084, 0.655, 0.14737, 0.71332,
 14:50:15.214,WT901BLE68(d8:09:5a:ca:b6:e0), 0.904, 0.928, 0.784, 1.038, -27.649, 12.024, 130.375, -18.495, -99.547, -62.524, 39.102, 44.198, 30.14, 0.71762, 0.10648, -0.39612, -0.56271,
 14:50:15.303,WT901BLE68(cc:c4:7a:a1:fe:ea), 0.892, 0.959, 0.141, 46.204, 9.338, 58.838, -81.579, -62.254, -98.3, 27.538, -29.694, -0.686, 31.38, 0.20084, 0.655, 0.14737, 0.71332,
 14:50:15.330,WT901BLE68(d8:09:5a:ca:b6:e0), 0.938, 0.916, 0.733, 4.272, -31.067, 22.217, 131.765, -21.292, -101.118, -62.524, 39.102, 44.198, 30.14, 0.71762, 0.10648, -0.39612, -0.56271,
 14:50:15.391,WT901BLE68(cc:c4:7a:a1:fe:ea), 1.059, -0.84, 0.03, 17.883, 9.644, -86.609, -79.92, -66.094, -98.152, 27.538, -29.694, -0.686, 31.38, 0.20084, 0.655, 0.14737, 0.71332,
 14:50:15.420,WT901BLE68(d8:09:5a:ca:b6:e0), 1.011, 0.839, 0.731, -25.024, -33.02, 39.429, 132.122, -25.455, -102.404, -62.524, 39.102, 44.198, 30.14, 0.71762, 0.10648, -0.39612, -0.56271,
 14:50:15.512,WT901BLE68(cc:c4:7a:a1:fe:ea), 0.98, -0.112, 0.081, -17.517, -8.545, -82.825, -72.933, -76.064, -104.392, -20.188, -41.160, 0.000, 31.38, 0.20084, 0.655, 0.14737, 0.71332,
 14:50:15.544,WT901BLE68(d8:09:5a:ca:b6:e0), 0.934, 0.781, 0.647, -17.334, -58.35, 38.696, 132.127, -30.959, -104.365, -62.524, 39.102, 44.198, 30.14, 0.71762, 0.10648, -0.39612, -0.56271,
 14:50:15.573,WT901BLE68(cc:c4:7a:a1:fe:ea), 0.995, -0.06, 0.067, 1.038, 2.563, -35.217, -61.21, -81.958, -116.252, -20.188, -41.160, 0.000, 31.38, -0.04684, 0.68301, -0.01776, 0.72864,
 14:50:15.628,WT901BLE68(d8:09:5a:ca:b6:e0), 0.998, 0.858, 0.606, -9.949, -93.811, 18.066, 136.362, -37.392, -111.533, -62.524, 39.102, 44.198, 30.14, 0.71762, 0.10648, -0.39612, -0.56271,
 14:50:15.691,WT901BLE68(cc:c4:7a:a1:fe:ea), 1.002, -0.038, 0.052, -4.7, -5.798, -28.381, -46.511, -84.825, -131.342, -20.188, -41.160, 0.000, 31.38, -0.04684, 0.68301, -0.01776, 0.72864,
 14:50:15.749,WT901BLE68(d8:09:5a:ca:b6:e0), 0.755, 0.74, 0.228, 10.864, -174.622, 16.052, 157.89, -42.204, -134.165, -62.524, 39.102, 44.198, 30.14, 0.71762, 0.10648, -0.39612, -0.56271,
 14:50:15.784,WT901BLE68(cc:c4:7a:a1:fe:ea), 0.993, -0.01, 0.037, -5.31, -9.521, -16.479, -30.839, -86.721, -147.64, -20.188, -41.160, 0.000, 31.38, -0.04684, 0.68301, -0.01776, 0.72864,
 14:50:15.808,WT901BLE68(d8:09:5a:ca:b6:e0), 0.629, 1.261, 1.153, 108.215, 14.587, -65.002, -178.149, -40.172, -154.363, -62.524, 39.102, 44.198, 30.14, 0.71762, 0.10648, -0.39612, -0.56271,
 14:50:15.901,WT901BLE68(cc:c4:7a:a1:fe:ea), 0.993, 0.017, 0.046, -6.653, -0.183, -15.625, 1.467, -87.534, 179.33, -20.188, -41.160, 0.000, 31.38, -0.04684, 0.68301, -0.01776, 0.72864,
 14:50:15.927,WT901BLE68(d8:09:5a:ca:b6:e0), 1.235, 0.854, 1.27, -30.09, 183.167, -66.772, 161.005, -35.579, -126.777, -62.524, 39.102, 44.198, 30.14, 0.71762, 0.10648, -0.39612, -0.56271,
 14:50:15.992,WT901BLE68(cc:c4:7a:a1:fe:ea), 1.001, 0.025, 0.052, -13.611, -3.113, -6.409, 24.044, -87.358, 155.61, -20.188, -41.160, 0.000, 31.38, -0.04684, 0.68301, -0.01776, 0.72864,
 14:50:16.019,WT901BLE68(d8:09:5a:ca:b6:e0), 1.405, 0.754, 0.773, 24.475, 228.21, -69.885, 138.148, -20.006, -97.498, -62.524, 39.102, 44.198, 30.14, 0.71762, 0.10648, -0.39612, -0.56271,
 14:50:16.141,WT901BLE68(cc:c4:7a:a1:fe:ea), 0.99, 0.045, 0.004, -7.324, 3.235, -17.944, 44.214, -86.973, 134.451, -7.644, -44.492, -1.176, 31.38, -0.04684, 0.68301, -0.01776, 0.72864,
 14:50:16.171,WT901BLE68(cc:c4:7a:a1:fe:ea), 1.003, 0.084, 0.045, -0.671, 9.46, -28.564, 56.799, -84.677, 121.47, -7.644, -44.492, -1.176, 31.38, 0.04187, 0.68747, 0.02023, 0.72464,
 14:50:16.198,WT901BLE68(d8:09:5a:ca:b6:e0), 0.821, 0.562, 0.345, -19.592, 172.058, -52.551, 127.667, -3.664, -83.529, -62.524, 39.102, 44.198, 30.14, 0.71762, 0.10648, -0.39612, -0.56271,
 14:50:16.228,WT901BLE68(d8:09:5a:ca:b6:e0), 1.008, 0.677, 0.265, -7.324, 90.21, -27.771, 124.629, 5.938, -76.251, -62.524, 39.102, 44.198, 30.14, 0.71762, 0.10648, -0.39612, -0.56271,
 14:50:16.322,WT901BLE68(cc:c4:7a:a1:fe:ea), 1.061, 0.133, 0.057, 1.221, 9.216, -28.137, 62.331, -81.958, 115.862, -7.644, -44.492, -1.176, 31.38, 0.04187, 0.68747, 0.02023, 0.72464,
 14:50:16.354,WT901BLE68(d8:09:5a:ca:b6:e0), 0.956, 1.058, 0.951, 16.052, -28.503, -20.142, 123.344, 5.96, -76.915, -62.524, 39.102, 44.198, 30.14, 0.71762, 0.10648, -0.39612, -0.56271,
 14:50:16.383,WT901BLE68(cc:c4:7a:a1:fe:ea), 1.147, 0.152, 0.12, 30.701, 2.441, -52.856, 69.692, -78.074, 109.731, -7.644, -44.492, -1.176, 31.38, 0.04187, 0.68747, 0.02023, 0.72464,
 14:50:16.412,WT901BLE68(d8:09:5a:ca:b6:e0), 0.932, 0.838, 1.11, -2.808, -73.059, 2.441, 123.569, 1.73, -80.964, -62.524, 39.102, 44.198, 30.14, 0.71762, 0.10648, -0.39612, -0.56271,
 14:50:16.502,WT901BLE68(cc:c4:7a:a1:fe:ea), 1.19, 0.251, 0.002, 13.55, 8.118, -61.646, 76.915, -73.026, 104.98, -7.644, -44.492, -1.176, 31.38, 0.04187, 0.68747, 0.02023, 0.72464,
 14:50:16.530,WT901BLE68(d8:09:5a:ca:b6:e0), 0.909, 0.915, 1.023, 4.883, -49.255, 6.775, 125.123, -4.065, -85.963, -62.524, 39.102, 44.198, 30.14, 0.71762, 0.10648, -0.39612, -0.56271,
 14:50:16.591,WT901BLE68(cc:c4:7a:a1:fe:ea), 1.206, 0.211, 0.064, -3.967, -9.033, -100.22, 80.211, -65.781, 101.497, -7.644, -44.492, -1.176, 31.38, 0.04187, 0.68747, 0.02023, 0.72464,
 14:50:16.619,WT901BLE68(d8:09:5a:ca:b6:e0), 0.942, 0.949, 1.001, -7.568, -41.626, 5.066, 125.997, -7.817, -89.061, -62.524, 39.102, 44.198, 30.14, 0.71762, 0.10648, -0.39612, -0.56271,
 14:50:16.713,WT901BLE68(cc:c4:7a:a1:fe:ea), 0.634, 0.406, -0.016, -4.639, 20.508, -175.598, 83.304, -51.866, 97.081, -7.644, -44.492, -1.176, 31.38, 0.04187, 0.68747, 0.02023, 0.72464,
 14:50:16.739,WT901BLE68(d8:09:5a:ca:b6:e0), 0.928, 0.986, 0.951, 2.502, -34.18, -5.859, 127.584, -10.184, -92.554, -62.524, 39.102, 44.198, 30.14, 0.71762, 0.10648, -0.39612, -0.56271,
 14:50:16.803,WT901BLE68(cc:c4:7a:a1:fe:ea), 0.647, -0.217, 0.024, -93.262, 4.883, 70.923, 81.689, -43.127, 95.021, -7.644, -44.492, -1.176, 31.38, 0.04187, 0.68747, 0.02023, 0.72464,
 14:50:16.829,WT901BLE68(d8:09:5a:ca:b6:e0), 0.906, 0.999, 0.893, 5.188, -26.062, 6.165, 129.034, -12.272, -95.037, -62.524, 39.102, 44.198, 30.14, 0.71762, 0.10648, -0.39612, -0.56271,
 14:50:16.922,WT901BLE68(cc:c4:7a:a1:fe:ea), 1.307, -0.023, 0.198, 19.043, -6.104, 203.491, 72.307, -57.431, 100.503, -7.644, -44.492, -1.176, 31.38, 0.04187, 0.68747, 0.02023, 0.72464,
 14:50:16.949,WT901BLE68(d8:09:5a:ca:b6:e0), 0.88, 1.009, 0.856, 11.536, -31.006, 7.935, 130.93, -14.733, -97.048, -62.524, 39.102, 44.198, 30.14, 0.71762, 0.10648, -0.39612, -0.56271,
 14:50:16.982,WT901BLE68(cc:c4:7a:a1:fe:ea), 1.282, 0.366, 0.217, 0.427, -7.812, 210.632, 46, -77.948, 129.578, -7.644, -44.492, -1.176, 31.38, 0.04187, 0.68747, 0.02023, 0.72464,
 14:50:17.009,WT901BLE68(d8:09:5a:ca:b6:e0), 0.85, 0.842, 0.756, 5.554, -41.504, 18.921, 133.154, -18.32, -99.976, -62.524, 39.102, 44.198, 30.14, 0.71762, 0.10648, -0.39612, -0.56271,
 14:50:17.103,WT901BLE68(cc:c4:7a:a1:fe:ea), 0.993, 0.573, 0.028, 66.833, -10.986, 124.084, -43.094, -79.42, -136.511, -7.644, -44.492, -1.176, 31.38, 0.04187, 0.68747, 0.02023, 0.72464,
 14:50:17.160,WT901BLE68(d8:09:5a:ca:b6:e0), 0.888, 0.875, 0.714, 3.723, -9.155, 10.254, 134.396, -20.572, -101.135, -62.524, 39.102, 44.198, 30.14, 0.71762, 0.10648, -0.39612, -0.56271,
 14:50:17.193,WT901BLE68(cc:c4:7a:a1:fe:ea), 1.11, 0.719, 0.045, 5.493, -3.54, 55.847, -62.759, -74.136, -111.588, -7.644, -44.492, -1.176, 31.38, 0.04187, 0.68747, 0.02023, 0.72464,
 14:50:17.219,WT901BLE68(d8:09:5a:ca:b6:e0), 0.875, 0.884, 0.748, 3.235, 4.456, 5.493, 133.901, -20.402, -100.058, -62.524, 39.102, 44.198, 30.14, 0.71762, 0.10648, -0.39612, -0.56271,
 14:50:17.313,WT901BLE68(cc:c4:7a:a1:fe:ea), 0.958, -0.378, 0.153, -30.762, -13.977, 16.541, -65.819, -75.042, -110.38, -7.644, -44.492, -1.176, 31.38, 0.04187, 0.68747, 0.02023, 0.72464,
 14:50:17.338,WT901BLE68(d8:09:5a:ca:b6:e0), 0.879, 0.864, 0.741, 4.089, -7.568, 15.991, 133.682, -21.39, -99.459, -62.524, 39.102, 44.198, 30.14, 0.71762, 0.10648, -0.39612, -0.56271,
 14:50:17.403,WT901BLE68(cc:c4:7a:a1:fe:ea), 0.967, -0.028, 0.271, -3.967, -1.16, -37.231, -37.156, -78.426, -138.713, -7.644, -44.492, -1.176, 31.38, 0.04187, 0.68747, 0.02023, 0.72464,
 14:50:17.428,WT901BLE68(d8:09:5a:ca:b6:e0), 0.852, 0.845, 0.789, -5.005, -8.606, 16.174, 133.039, -23.143, -99.058, -62.524, 39.102, 44.198, 30.14, 0.71762, 0.10648, -0.39612, -0.56271,
 14:50:17.522,WT901BLE68(cc:c4:7a:a1:fe:ea), 0.995, -0.031, 0.124, -0.916, -4.7, -6.836, -29.053, -80.799, -147.398, -7.644, -44.492, -1.176, 31.38, 0.04187, 0.68747, 0.02023, 0.72464,
 14:50:17.547,WT901BLE68(d8:09:5a:ca:b6:e0), 0.883, 0.8, 0.722, -6.836, -4.333, 1.648, 132.292, -23.796, -99.086, -62.524, 39.102, 44.198, 30.14, 0.71762, 0.10648, -0.39612, -0.56271,
 14:50:17.582,WT901BLE68(cc:c4:7a:a1:fe:ea), 0.994, -0.043, 0.119, -1.526, -2.93, 6.287, -29.114, -81.205, -147.332, -7.644, -44.492, -1.176, 31.38, 0.04187, 0.68747, 0.02023, 0.72464,
 14:50:17.640,WT901BLE68(d8:09:5a:ca:b6:e0), 0.841, 0.873, 0.699, -10.681, -1.404, -2.625, 130.869, -23.192, -99.064, -39.298, 44.002, 52.724, 30.14, 0.71762, 0.10648, -0.39612, -0.56271,
 14:50:17.733,WT901BLE68(cc:c4:7a:a1:fe:ea), 0.979, -0.088, 0.106, -3.113, -2.38, 13, -36.376, -80.925, -140.262, -7.644, -44.492, -1.176, 31.46, 0.04187, 0.68747, 0.02023, 0.72464,
 14:50:17.760,WT901BLE68(d8:09:5a:ca:b6:e0), 0.853, 0.868, 0.683, -17.029, -4.333, -4.944, 129.957, -22.939, -99.728, -39.298, 44.002, 52.724, 30.14, 0.71762, 0.10648, -0.39612, -0.56271,
 14:50:17.791,WT901BLE68(cc:c4:7a:a1:fe:ea), 0.971, -0.095, 0.129, -1.16, 6.653, 8.728, -39.402, -80.068, -137.225, -7.644, -44.492, -1.176, 31.46, 0.04187, 0.68747, 0.02023, 0.72464,
 14:50:17.817,WT901BLE68(d8:09:5a:ca:b6:e0), 0.841, 0.883, 0.669, -4.028, 5.188, -3.296, 129.177, -22.297, -100.151, -39.298, 44.002, 52.724, 30.14, 0.71762, 0.10648, -0.39612, -0.56271,
 14:50:17.912,WT901BLE68(cc:c4:7a:a1:fe:ea), 0.987, -0.098, 0.142, -1.343, 4.761, -0.61, -38.65, -79.574, -138.016, -7.644, -44.492, -1.176, 31.46, 0.04187, 0.68747, 0.02023, 0.72464,
 14:50:17.938,WT901BLE68(d8:09:5a:ca:b6:e0), 0.875, 0.887, 0.686, -5.005, 1.221, -5.493, 128.958, -21.445, -100.316, -39.298, 44.002, 52.724, 30.14, 0.71762, 0.10648, -0.39612, -0.56271,
 14:50:18.003,WT901BLE68(cc:c4:7a:a1:fe:ea), 0.983, -0.115, 0.139, 1.282, 3.784, -3.174, -37.304, -79.321, -139.268, -7.644, -44.492, -1.176, 31.46, 0.04187, 0.68747, 0.02023, 0.72464,
 14:50:18.032,WT901BLE68(d8:09:5a:ca:b6:e0), 0.84, 0.841, 0.718, -3.723, 5.859, -5.249, 128.859, -20.506, -100.267, -39.298, 44.002, 52.724, 30.14, 0.71762, 0.10648, -0.39612, -0.56271,
 14:50:18.121,WT901BLE68(cc:c4:7a:a1:fe:ea), 0.948, -0.097, 0.147, -2.319, 5.92, -14.099, -30.992, -79.585, -145.657, -7.644, -44.492, -1.176, 31.46, 0.04187, 0.68747, 0.02023, 0.72464,
 14:50:18.179,WT901BLE68(d8:09:5a:ca:b6:e0), 0.867, 0.919, 0.689, -5.493, -4.028, -3.479, 128.782, -20.072, -101.08, -39.298, 44.002, 52.724, 30.14, 0.71762, 0.10648, -0.39612, -0.56271,
 14:50:18.211,WT901BLE68(cc:c4:7a:a1:fe:ea), 0.986, -0.052, 0.175, -3.296, -5.859, 5.249, -29.284, -79.843, -147.717, -7.644, -44.492, -1.176, 31.46, 0.04187, 0.68747, 0.02023, 0.72464,
 14:50:18.298,WT901BLE68(d8:09:5a:ca:b6:e0), 0.869, 0.884, 0.711, 5.127, 7.507, 2.197, 127.65, -19.567, -100.453, -39.298, 44.002, 52.724, 30.14, 0.71762, 0.10648, -0.39612, -0.56271,
 14:50:18.335,WT901BLE68(cc:c4:7a:a1:fe:ea), 0.982, -0.089, 0.135, -3.235, -5.676, 9.155, -35.228, -79.937, -141.905, -28.616, -44.002, -0.392, 31.46, 0.04187, 0.68747, 0.02023, 0.72464,
 14:50:18.358,WT901BLE68(d8:09:5a:ca:b6:e0), 0.892, 0.891, 0.707, 6.897, -2.258, 0.183, 128.271, -19.347, -100.333, -39.298, 44.002, 52.724, 30.14, 0.71762, 0.10648, -0.39612, -0.56271,
 14:50:18.393,WT901BLE68(cc:c4:7a:a1:fe:ea), 0.969, -0.098, 0.134, -0.305, 0.732, -3.235, -36.541, -79.953, -140.592, -28.616, -44.002, -0.392, 31.46, 0.04187, 0.68747, 0.02023, 0.72464,
 14:50:18.449,WT901BLE68(d8:09:5a:ca:b6:e0), 0.875, 0.9, 0.721, -9.949, 9.033, 2.991, 128.699, -19.122, -100.261, -39.298, 44.002, 52.724, 30.14, 0.71762, 0.10648, -0.39612, -0.56271,
 14:50:18.513,WT901BLE68(cc:c4:7a:a1:fe:ea), 0.995, -0.083, 0.146, -0.671, -5.31, 1.465, -35.75, -80.195, -141.394, -28.616, -44.002, -0.392, 31.46, -0.05508, 0.65524, -0.01987, 0.75308,
 14:50:18.569,WT901BLE68(d8:09:5a:ca:b6:e0), 0.869, 0.897, 0.729, 6.104, 1.892, 4.761, 128.134, -18.803, -99.404, -39.298, 44.002, 52.724, 30.14, 0.71762, 0.10648, -0.39612, -0.56271,
 14:50:18.601,WT901BLE68(cc:c4:7a:a1:fe:ea), 0.98, -0.117, 0.098, 3.052, -5.005, 8.24, -40.001, -80.349, -136.752, -28.616, -44.002, -0.392, 31.46, -0.05508, 0.65524, -0.01987, 0.75308,
 14:50:18.629,WT901BLE68(d8:09:5a:ca:b6:e0), 0.85, 0.855, 0.734, 7.08, 5.737, 2.869, 128.524, -18.896, -98.806, -39.298, 44.002, 52.724, 30.14, 0.71762, 0.10648, -0.39612, -0.56271,
 14:50:18.722,WT901BLE68(cc:c4:7a:a1:fe:ea), 0.994, -0.104, 0.13, 2.258, 0.61, 3.662, -41.221, -80.134, -135.126, -28.616, -44.002, -0.392, 31.46, -0.05508, 0.65524, -0.01987, 0.75308,
 14:50:18.751,WT901BLE68(d8:09:5a:ca:b6:e0), 0.854, 0.86, 0.745, 8.728, 3.906, 9.46, 129.012, -18.88, -98.168, -39.298, 44.002, 52.724, 30.14, 0.71762, 0.10648, -0.39612, -0.56271,
 14:50:18.812,WT901BLE68(cc:c4:7a:a1:fe:ea), 0.978, -0.111, 0.115, 2.563, 5.859, -1.404, -40.496, -79.887, -135.582, -28.616, -44.002, -0.392, 31.46, -0.05508, 0.65524, -0.01987, 0.75308,
 14:50:18.843,WT901BLE68(d8:09:5a:ca:b6:e0), 0.876, 0.815, 0.747, 4.639, 4.822, 0.427, 129.172, -19.215, -97.41, -39.298, 44.002, 52.724, 30.14, 0.71762, 0.10648, -0.39612, -0.56271,
 14:50:18.933,WT901BLE68(cc:c4:7a:a1:fe:ea), 0.979, -0.105, 0.139, 0.732, 3.052, -0.244, -38.331, -79.634, -137.675, -29.204, -43.806, 0.000, 31.46, -0.05508, 0.65524, -0.01987, 0.75308,
 14:50:18.959,WT901BLE68(d8:09:5a:ca:b6:e0), 0.882, 0.843, 0.754, 0.366, 3.723, -2.625, 129.128, -18.611, -97.207, -39.298, 44.002, 52.724, 30.14, 0.71762, 0.10648, -0.39612, -0.56271,
 14:50:18.993,WT901BLE68(cc:c4:7a:a1:fe:ea), 0.98, -0.11, 0.141, 1.099, 1.831, 0.854, -37.908, -79.437, -137.95, -29.204, -43.806, 0.000, 31.46, -0.05508, 0.65524, -0.01987, 0.75308,
 14:50:19.051,WT901BLE68(d8:09:5a:ca:b6:e0), 0.871, 0.847, 0.759, -1.221, 1.099, -0.305, 128.848, -18.232, -97.081, -39.298, 44.002, 52.724, 30.14, 0.71762, 0.10648, -0.39612, -0.56271,
 14:50:19.112,WT901BLE68(cc:c4:7a:a1:fe:ea), 0.967, -0.112, 0.143, -0.305, -3.601, 2.197, -38.013, -79.382, -137.73, -29.204, -43.806, 0.000, 31.46, -0.06766, 0.65314, -0.01605, 0.75397,
 14:50:19.202,WT901BLE68(cc:c4:7a:a1:fe:ea), 0.986, -0.097, 0.163, 0.244, -2.258, 1.404, -38.315, -79.492, -137.368, -29.204, -43.806, 0.000, 31.46, -0.06766, 0.65314, -0.01605, 0.75397,
 14:50:19.322,WT901BLE68(cc:c4:7a:a1:fe:ea), 0.992, -0.115, 0.119, 0.854, -0.061, -0.305, -39.144, -79.623, -136.428, -29.204, -43.806, 0.000, 31.46, -0.06766, 0.65314, -0.01605, 0.75397,
 14:50:19.411,WT901BLE68(cc:c4:7a:a1:fe:ea), 0.971, -0.115, 0.116, 0.061, 12.024, -4.089, -36.321, -79.332, -139.263, -29.204, -43.806, 0.000, 31.46, -0.06766, 0.65314, -0.01605, 0.75397,
 14:50:19.532,WT901BLE68(cc:c4:7a:a1:fe:ea), 0.976, -0.101, 0.179, -4.333, 5.981, 0.61, -32.838, -78.514, -143.328, -29.008, -43.708, -0.392, 31.46, -0.06766, 0.65314, -0.01605, 0.75397,